MD,TVD,LocalX,LocalY,Inc,Az,Angle,Radians,AxisSize,Cx,Cy,Cz
0,0,0,0,0,0.51,0,0,127.790954,127.790954,0,0
171,170.9827,0.9891,1.857,1.41,28.04,5,0.087266463,131.452275,130.9520594,11.45682066,0
294,293.9714,1.7253,3.0012,0.18,172.62,10,0.174532925,134.4578173,132.4151009,23.34835495,0
388,387.9673,2.3121,3.4121,0.97,45.53,15,0.261799388,136.7620438,132.1019902,35.39662159,0
483,482.9631,2.9319,3.7648,0.26,167.7,20,0.34906585,138.3313694,129.988967,47.31211478,0
578,577.9603,3.4078,3.2727,0.62,123.22,25,0.436332313,139.1435254,126.1068606,58.80459482,0
672,671.9561,3.8944,2.5636,0.53,171.91,30,0.523598776,139.1871693,120.5396245,69.59358466,0
799,798.9517,3.8037,1.5263,0.44,200.83,35,0.610865238,138.4616951,113.4211806,79.41836566,0
894,893.9494,4.0837,1.0266,0.53,111.18,40,0.698131701,136.9772231,104.9306406,88.04726183,0
988,987.9438,4.7129,0.2614,0.79,159.79,45,0.785398163,134.7547686,95.28601067,95.28601067,0
1082,1081.936,4.7743,-0.8975,0.7,196.44,50,0.872664626,131.8266081,84.7365103,100.9850406,0
1209,1208.925,4.9155,-2.5476,0.88,158.29,55,0.959931089,128.2368839,73.55365488,105.0455056,0
1303,1302.921,5.1413,-3.2795,0.09,213.92,60,1.047197551,124.0425116,62.0212558,107.4239662,0
1397,1396.921,5.0792,-3.4116,0.09,196.44,65,1.134464014,119.3144791,50.42447777,108.1356415,0
1492,1491.921,4.8805,-3.6054,0.26,235.46,70,1.221730476,114.1396492,39.03805918,107.2561861,0
1553,1552.917,4.7035,-4.148,0.88,187.73,75,1.308996939,108.6231813,28.11374807,104.9219362,0
1654,1653.908,4.5335,-5.53,0.7,186.11,80,1.396263402,102.8916486,17.86694728,101.3284933,0
1843,1842.829,8.5942,-8.2017,2.7,110.01,85,1.483529864,97.09676745,8.462540886,96.72728494,0
2032,2031.603,17.3,-11.2744,2.9,108.91,90,1.570796327,91.41925992,5.60E-15,91.41925992,0
2221,2220.282,28.0799,-13.1091,3.8,92.61,95,1.658062789,86.07153081,-7.501628197,85.74400265,0
2410,2408.846,40.9081,-12.8783,4,85.51,100,1.745329252,81.2963983,-14.11697142,80.06132334,0
2598,2596.305,54.9768,-10.7517,4.7,77.91,105,1.832595715,77.3573033,-20.02154337,74.72141711,0
2787,2784.67,69.9335,-6.8027,4.7,72.51,110,1.919862177,74.514705,-25.48553008,70.02091843,0
2976,2972.965,85.4741,-1.8588,5.2,72.21,115,2.00712864,72.9869054,-30.84559909,66.14860072,0
3165,3161.094,102.6595,3.8656,5.8,71.01,120,2.094395102,72.90364124,-36.45182062,63.13640534,0
3355,3350.053,121.1895,10.9804,6.2,67.11,125,2.181661565,74.27225587,-42.60081584,60.84027023,0
3544,3537.967,139.3927,19.7864,6.1,61.21,130,2.268928028,76.97564134,-49.4789885,58.9667623,0
3732,3724.681,158.929,29.7376,7.3,64.51,135,2.35619449,80.80322613,-57.13650914,57.13650914,0
3921,3912.355,179.7476,37.7274,6.3,74.21,140,2.443460953,85.49710179,-65.49457973,54.95647769,0
4109,4099.688,194.8656,41.3189,3.2,81.41,145,2.530727415,90.79267931,-74.37300886,52.07654145,0
4298,4288.393,205.3002,42.8765,3.2,81.61,150,2.617993878,96.44409949,-83.52304021,48.22204975,0
4487,4477.108,215.5287,44.6554,3.1,78.61,155,2.705260341,102.2353368,-92.65668181,43.20652031,0
4675,4664.815,225.797,46.8203,3.3,77.61,160,2.792526803,107.9821721,-101.4700503,36.93207797,0
4863,4852.474,236.7021,49.7847,3.6,72.21,165,2.879793266,113.5297912,-109.6613574,29.38367214,0
5052,5041.112,247.7164,53.7204,3.5,68.41,170,2.967059728,118.7489691,-116.9449054,20.62054208,0
5241,5229.816,257.4756,57.726,2.9,66.81,175,3.054326191,123.5322904,-123.0622127,10.76654852,0
5336,5324.695,261.8698,59.6723,2.9,65.41,180,3.141592654,127.790954,-127.790954,1.57E-14,0
5515,5503.248,273.3236,64.6389,5.1,67.21,185,3.228859116,131.452275,-130.9520594,-11.45682066,0
5703,5690.474,289.1766,70.8725,5.3,69.81,190,3.316125579,134.4578173,-132.4151009,-23.34835495,0
5892,5878.754,304.4817,76.9468,4.7,66.71,195,3.403392041,136.7620438,-132.1019902,-35.39662159,0
6080,6066.124,318.1592,83.958,4.7,59.01,200,3.490658504,138.3313694,-129.988967,-47.31211478,0
6269,6254.554,330.7916,91.4043,4.2,60.01,205,3.577924967,139.1435254,-126.1068606,-58.80459482,0
6458,6443.022,343.3626,97.9152,4.4,65.11,210,3.665191429,139.1871693,-120.5396245,-69.59358466,0
6646,6630.456,356.5726,104.101,4.5,64.71,215,3.752457892,138.4616951,-113.4211806,-79.41836566,0
6835,6818.886,369.9154,110.1814,4.4,66.31,220,3.839724354,136.9772231,-104.9306406,-88.04726183,0
7024,7007.178,385.0226,116.3094,5.5,69.21,225,3.926990817,134.7547686,-95.28601067,-95.28601067,0
7213,7195.193,403.0937,122.9798,6.2,70.21,230,4.01425728,131.8266081,-84.7365103,-100.9850406,0
7402,7383.158,421.5012,130.1345,5.8,67.21,235,4.101523742,128.2368839,-73.55365488,-105.0455056,0
7591,7571.372,438.0005,134.7093,4.7,83.51,240,4.188790205,124.0425116,-62.0212558,-107.4239662,0
7779,7758.931,450.7332,135.7919,3.1,87.61,245,4.276056667,119.3144791,-50.42447777,-108.1356415,0
7968,7947.705,459.9595,136.1266,2.5,88.31,250,4.36332313,114.1396492,-39.03805918,-107.2561861,0
8156,8135.547,467.6655,136.3288,2.2,88.71,255,4.450589593,108.6231813,-28.11374807,-104.9219362,0
8345,8324.42,474.5792,136.6801,2,85.31,260,4.537856055,102.8916486,-17.86694728,-101.3284933,0
8534,8513.366,478.8015,136.2726,0.7,125.91,265,4.625122518,97.09676745,-8.462540886,-96.72728494,0
8723,8702.356,480.5573,135.5149,0.5,95.61,270,4.71238898,91.41925992,-1.68E-14,-91.41925992,0
8911,8890.353,481.6983,135.3872,0.2,98.31,275,4.799655443,86.07153081,7.501628197,-85.74400265,0
9100,9079.35,482.6006,135.0176,0.4,119.21,280,4.886921906,81.2963983,14.11697142,-80.06132334,0
9287,9266.348,482.7752,134.41,0.3,233.81,285,4.974188368,77.3573033,20.02154337,-74.72141711,0
9475,9454.347,482.7551,134.4357,0.3,50.01,290,5.061454831,74.514705,25.48553008,-70.02091843,0
9664,9643.343,482.5625,135.5614,0.6,324.71,295,5.148721293,72.9869054,30.84559909,-66.14860072,0
9852,9831.334,481.5925,137.0803,0.5,330.71,300,5.235987756,72.90364124,36.45182062,-63.13640534,0
10040,10019.33,480.7784,138.0638,0.3,303.01,305,5.323254219,74.27225587,42.60081584,-60.84027023,0
10228,10207.32,479.686,139.2576,0.7,323.71,310,5.410520681,76.97564134,49.4789885,-58.9667623,0
10416,10395.3,477.7201,140.9083,0.9,299.41,315,5.497787144,80.80322613,57.13650914,-57.13650914,0
10606,10585.29,476.963,143.2078,1,19.11,320,5.585053606,85.49710179,65.49457973,-54.95647769,0
10795,10774.26,479.1815,145.4543,1.1,67.71,325,5.672320069,90.79267931,74.37300886,-52.07654145,0
10889,10868.23,481.1911,146.1622,1.5,72.71,330,5.759586532,96.44409949,83.52304021,-48.22204975,0
10983,10962.16,484.1835,144.5229,3.3,137.81,335,5.846852994,102.2353368,92.65668181,-43.20652031,0
11078,11056.1,488.3963,131.9598,13.1,167.31,340,5.934119457,107.9821721,101.4700503,-36.93207797,0
11125,11101.39,490.6283,119.6512,17.8,171.51,345,6.021385919,113.5297912,109.6613574,-29.38367214,0
11172,11145.53,492.4035,103.6485,22.3,175.41,350,6.108652382,118.7489691,116.9449054,-20.62054208,0
11219,11188.33,493.079,84.2637,26.5,180.21,355,6.195918845,123.5322904,123.0622127,-10.76654852,0
11267,11230.75,492.4229,61.8207,29.3,183.01,360,6.283185307,127.790954,127.790954,-3.13E-14,0
11314,11271.16,491.359,37.8517,32.1,182.11,,,,,,
11361,11310.28,490.3294,11.8318,35.2,182.41,,,,,,
11408,11348.11,488.7318,-16.0087,37.6,184.11,,,,,,
11455,11384.58,486.8473,-45.5865,40.6,183.21,,,,,,
11502,11419.28,485.1873,-77.2298,44.2,182.81,,,,,,
11547,11450.62,483.0266,-109.4381,47.5,184.81,,,,,,
11594,11480.73,480.7195,-145.4304,52.8,182.61,,,,,,
11641,11506.37,479.395,-184.7459,61,181.31,,,,,,
11688,11526.18,477.6928,-227.2875,69.1,183.21,,,,,,
11715,11534.73,476.2138,-252.8492,74,183.41,,,,,,
11762,11545.65,473.4153,-298.4592,79.1,183.61,,,,,,
11809,11554.26,470.5866,-344.5777,79.8,183.41,,,,,,
11856,11562.5,467.9553,-390.7744,80,183.11,,,,,,
11902,11570.61,466.2879,-436.0213,79.7,181.11,,,,,,
11949,11576.95,466.5304,-482.5712,84.8,178.31,,,,,,
12044,11584.48,471.389,-577.1374,86.1,175.81,,,,,,
12138,11592.43,479.7773,-670.4158,84.2,173.91,,,,,,
12233,11600.71,489.8172,-764.5172,85.8,173.91,,,,,,
12264,11602.63,493.234,-795.2677,87.1,173.41,,,,,,
12296,11603.72,496.2374,-827.104,89,175.81,,,,,,
12327,11603.96,498.1243,-858.0443,90.1,177.21,,,,,,
12358,11603.5,499.498,-889.0094,91.6,177.71,,,,,,
12390,11602.14,500.5525,-920.9614,93.3,178.51,,,,,,
12422,11600.27,500.7421,-952.9039,93.4,180.81,,,,,,
12516,11595.75,497.5301,-1046.7324,92.1,183.11,,,,,,
12610,11595.1,492.7588,-1140.5949,88.7,182.71,,,,,,
12704,11594.85,489.4623,-1234.5244,91.6,181.31,,,,,,
12799,11592.2,487.9541,-1329.4746,91.6,180.51,,,,,,
12893,11590.31,486.6255,-1423.4449,90.7,181.11,,,,,,
12988,11591.97,485.7796,-1518.411,87.3,179.91,,,,,,
13082,11596.97,486.0089,-1612.277,86.6,179.81,,,,,,
13177,11601.86,485.7438,-1707.1491,87.5,180.51,,,,,,
13271,11604.08,484.4152,-1801.1069,89.8,181.11,,,,,,
13365,11601.86,481.9395,-1895.036,92.9,181.91,,,,,,
13460,11596.97,478.6119,-1989.8516,93,182.11,,,,,,
13554,11593.77,474.8254,-2083.7154,90.9,182.51,,,,,,
13648,11594.51,470.8731,-2177.6206,88.2,182.31,,,,,,
13743,11596.17,466.7962,-2272.5154,89.8,182.61,,,,,,
13837,11596.91,461.6967,-2366.3726,89.3,183.61,,,,,,
13931,11600.19,455.9457,-2460.131,86.7,183.41,,,,,,
14026,11605.49,450.0559,-2554.7997,86.9,183.71,,,,,,
14120,11608.28,446.5172,-2648.6708,89.7,180.61,,,,,,
14215,11609.44,446.169,-2743.6616,88.9,179.81,,,,,,
14310,11607.7,447.0636,-2838.6185,93.2,179.11,,,,,,
14406,11604.43,447.8836,-2934.551,90.7,179.91,,,,,,
14500,11603.45,447.9492,-3028.5458,90.5,180.01,,,,,,
14594,11602.3,448.1788,-3122.5382,90.9,179.71,,,,,,
14689,11602.14,448.4109,-3217.5346,89.3,180.01,,,,,,
14783,11603.37,448.6406,-3311.5261,89.2,179.71,,,,,,
14877,11604.6,449.1163,-3405.5168,89.3,179.71,,,,,,
14972,11605.59,449.7629,-3500.5093,89.5,179.51,,,,,,
15066,11606.17,451.305,-3594.4939,89.8,178.61,,,,,,
15160,11606.9,453.8312,-3688.4566,89.3,178.31,,,,,,
15254,11608.55,456.9308,-3782.3905,88.7,177.91,,,,,,
15349,11609.71,460.9749,-3877.295,89.9,177.21,,,,,,
15443,11609.05,465.2225,-3971.1953,90.9,177.61,,,,,,
15538,11607.64,469.8462,-4066.0715,90.8,176.81,,,,,,
15632,11605.92,473.0277,-4159.9941,91.3,179.31,,,,,,
15727,11604.09,473.0028,-4254.9739,90.9,180.72,,,,,,
15822,11603.35,470.2426,-4349.9256,90,182.61,,,,,,
15916,11606.46,465.8834,-4443.7555,86.2,182.71,,,,,,
16011,11612.51,462.3104,-4538.4939,86.5,181.61,,,,,,
16105,11617.51,460.902,-4632.3465,87.4,180.11,,,,,,
16199,11622.11,461.6229,-4726.2299,87,179.01,,,,,,
16293,11624.73,463.6564,-4820.1616,89.8,178.51,,,,,,
16388,11625.14,466.9552,-4915.1021,89.7,177.51,,,,,,
16483,11623.73,470.9161,-5010.0026,92,177.71,,,,,,
16577,11620.13,474.5056,-5103.8645,92.4,177.91,,,,,,
16672,11616.48,478.1332,-5198.7249,92,177.71,,,,,,
16767,11612.42,480.2704,-5293.6082,92.9,179.71,,,,,,
16861,11608.97,480.3357,-5387.5417,91.3,180.21,,,,,,
16956,11608.64,479.1586,-5482.5268,89.1,181.21,,,,,,
17051,11613.61,477.0731,-5577.3524,84.9,181.31,,,,,,
17145,11618.2,474.1068,-5671.1669,89.5,182.31,,,,,,
17240,11618.12,470.195,-5766.0848,90.6,182.41,,,,,,
17335,11616.21,465.8699,-5860.9655,91.7,182.81,,,,,,
17429,11617.36,462.4917,-5954.8676,86.9,181.31,,,,,,
17523,11622.77,460.8374,-6048.6965,86.5,180.71,,,,,,
17618,11626.67,460.4902,-6143.6084,88.8,179.71,,,,,,
17713,11629.98,461.5504,-6238.5409,87.2,179.01,,,,,,
17807,11632.77,463.3378,-6332.4767,89.4,178.81,,,,,,
17901,11633.59,465.6999,-6426.4431,89.6,178.31,,,,,,
17996,11632.27,469.0809,-6521.3661,92,177.61,,,,,,
18090,11628.58,472.7521,-6615.2215,92.5,177.91,,,,,,
18185,11625.34,475.5519,-6710.1229,91.4,178.71,,,,,,
18279,11623.7,478.1598,-6804.0712,90.6,178.11,,,,,,
18373,11623.7,480.5219,-6898.038853,89.4,179.01,,,,,,
18468,11624.61,482.329,-6993.017227,89.5,178.81,,,,,,
18563,11625.11,484.8821,-7087.980828,89.9,178.11,,,,,,
18657,11626.18,486.9162,-7181.949305,88.8,179.41,,,,,,
18751,11629.05,487.4739,-7275.902066,87.7,179.91,,,,,,
18846,11631.62,487.4572,-7370.864544,89.2,180.11,,,,,,
18966,11633.29,487.2269,-7490.852626,89.2,180.11,,,,,,
